biogas1,0.08
biogas2,0.08
Battery1,0.000001
Battery4,0.000001
phs,0.000001
hydrogen,0.0000001
nuc,0.01
electrolysis,0.01906
Blue,0.03052
Bio,0.09625
